batch,accuracy,learning_rate
0,20.00,0.20
1,20.00,0.20
2,0.00,0.20
3,10.00,0.20
4,20.00,0.20
5,10.00,0.20
6,0.00,0.20
7,10.00,0.20
8,10.00,0.20
9,20.00,0.20
10,20.00,0.20
11,10.00,0.20
12,20.00,0.20
13,10.00,0.20
14,0.00,0.20
15,10.00,0.20
16,10.00,0.20
17,20.00,0.20
18,0.00,0.20
19,0.00,0.20
20,20.00,0.20
21,10.00,0.20
22,0.00,0.20
23,10.00,0.20
24,10.00,0.20
25,20.00,0.20
26,10.00,0.20
27,0.00,0.20
28,20.00,0.20
29,10.00,0.20
30,0.00,0.20
31,10.00,0.20
32,10.00,0.20
33,20.00,0.20
34,10.00,0.20
35,0.00,0.20
36,20.00,0.20
37,10.00,0.20
38,0.00,0.20
39,0.00,0.20
